UPDATE `creature` SET `position_x` = 434.943, `position_y` = 739.254, `position_z` = 15.0699, `orientation` = 1.6057, `spawntimesecs` = 608400 WHERE `guid` = 85749;
UPDATE `creature` SET `position_x` = 252.533, `position_y` = 943.365, `position_z` = -55.7829, `orientation` = 4.72812, `spawntimesecs` = 608400, `wander_distance` = 0, `movement_type` = 2 WHERE `guid` = 85760;
UPDATE `creature` SET `position_x` = 312.854, `position_y` = 813.108, `position_z` = -17.5873, `orientation` = 6.27625, `spawntimesecs` = 608400, `wander_distance` = 0, `movement_type` = 2 WHERE `guid` = 85751;
UPDATE `creature` SET `position_x` = 422.918, `position_y` = 758.097, `position_z` = 11.936, `orientation` = 1.46608, `spawntimesecs` = 608400, `wander_distance` = 0, `movement_type` = 0 WHERE `guid` = 85790;
UPDATE `creature` SET `position_x` = 450.984, `position_y` = 758.186, `position_z` = 11.9377, `orientation` = 1.5708, `spawntimesecs` = 608400, `wander_distance` = 0, `movement_type` = 0 WHERE `guid` = 85791;
UPDATE `creature` SET `position_x` = 262.082, `position_y` = 938.253, `position_z` = -51.1637, `orientation` = 3.42086, `spawntimesecs` = 608400, `wander_distance` = 0, `movement_type` = 0 WHERE `guid` = 85761;
UPDATE `creature` SET `position_x` = 243.156, `position_y` = 939.066, `position_z` = -50.9352, `orientation` = 5.9175, `spawntimesecs` = 608400, `wander_distance` = 0, `movement_type` = 0 WHERE `guid` = 85762;
UPDATE `creature` SET `position_x` = 309.442, `position_y` = 819.695, `position_z` = -17.6075, `orientation` = 5.541, `spawntimesecs` = 608400, `wander_distance` = 0, `movement_type` = 0 WHERE `guid` = 85785;
UPDATE `creature` SET `position_x` = 314.795, `position_y` = 803.574, `position_z` = -15.2144, `orientation` = 5.99466, `spawntimesecs` = 608400, `wander_distance` = 0, `movement_type` = 0 WHERE `guid` = 85786;
UPDATE `creature` SET `position_x` = 442.348, `position_y` = 790.157, `position_z` = 12.1117, `orientation` = 1.46608, `spawntimesecs` = 608400, `wander_distance` = 0, `movement_type` = 0 WHERE `guid` = 85792;
DELETE FROM `creature` WHERE `guid` = 85767 AND `id` = 22875;
INSERT INTO `creature` (`guid`, `id`, `map`, `zoneId`, `areaId`, `spawnMask`, `phaseMask`, `modelid`, `equipment_id`, `position_x`, `position_y`, `position_z`, `orientation`, `spawntimesecs`, `curhealth`, `curmana`, `wander_distance`, `movement_type`) VALUES
(85767, 22875, 564, 3959, 3959, 16, 1, 0, 0, 454.179, 802.715, 12.1807, 3.38594, 608400, 120624, 129240, 0, 0);
UPDATE `creature` SET `position_x` = 306.63, `position_y` = 990.987, `position_z` = -62.4405, `orientation` = 3.10669, `spawntimesecs` = 608400 WHERE `guid` = 85743;
UPDATE `creature` SET `position_x` = 302.268, `position_y` = 986.683, `position_z` = -62.3218, `orientation` = 2.32129, `spawntimesecs` = 608400 WHERE `guid` = 85755;
UPDATE `creature` SET `position_x` = 449.291, `position_y` = 790.748, `position_z` = 12.1153, `orientation` = 2.07694, `spawntimesecs` = 608400 WHERE `guid` = 85795;
UPDATE `creature` SET `position_x` = 455.114, `position_y` = 795.945, `position_z` = 12.1439, `orientation` = 2.75762, `spawntimesecs` = 608400 WHERE `guid` = 85796;
UPDATE `creature` SET `id` = 22874, `position_x` = 301.18, `position_y` = 998.612, `position_z` = -62.4953, `orientation` = 4.15388, `spawntimesecs` = 608400 WHERE `guid` = 85794;
UPDATE `creature` SET `id` = 22876, `position_x` = 297.536, `position_y` = 986.781, `position_z` = -62.3347, `orientation` = 1.23918, `spawntimesecs` = 608400 WHERE `guid` = 85758;
UPDATE `creature` SET `id` = 22876, `position_x` = 306.891, `position_y` = 995.664, `position_z` = -62.5448, `orientation` = 3.28122, `spawntimesecs` = 608400 WHERE `guid` = 85759;
UPDATE `creature` SET `position_x` = 248.093, `position_y` = 1057.09, `position_z` = -62.5474, `orientation` = 0.20944, `spawntimesecs` = 608400 WHERE `guid` = 85746;
UPDATE `creature` SET `position_x` = 253.609, `position_y` = 1051.3, `position_z` = -62.5468, `orientation` = 0.994838, `spawntimesecs` = 608400 WHERE `guid` = 85748;
UPDATE `creature` SET `position_x` = 236.953, `position_y` = 1077.16, `position_z` = -62.5328, `orientation` = 0, `spawntimesecs` = 608400 WHERE `guid` = 85753;
UPDATE `creature` SET `position_x` = 257.514, `position_y` = 1079.88, `position_z` = -62.4984, `orientation` = 3.36849, `spawntimesecs` = 608400 WHERE `guid` = 85754;
UPDATE `creature` SET `position_x` = 265.162, `position_y` = 815.209, `position_z` = -26.7974, `orientation` = 5.79449, `spawntimesecs` = 608400 WHERE `guid` = 85770;
UPDATE `creature` SET `position_x` = 281.543, `position_y` = 818.084, `position_z` = -26.2712, `orientation` = 3.83972, `spawntimesecs` = 608400 WHERE `guid` = 85771;
UPDATE `creature` SET `position_x` = 422.53, `position_y` = 848.089, `position_z` = 12.4268, `orientation` = 0.349066, `spawntimesecs` = 608400 WHERE `guid` = 85788;
UPDATE `creature` SET `position_x` = 448.3, `position_y` = 850.006, `position_z` = 12.4384, `orientation` = 2.98451, `spawntimesecs` = 608400 WHERE `guid` = 85789;
UPDATE `creature` SET `position_x` = 436.329, `position_y` = 793.07, `position_z` = 12.1273, `orientation` = 0.837758, `spawntimesecs` = 608400 WHERE `guid` = 77502;
UPDATE `creature` SET `position_x` = 451.223, `position_y` = 808.208, `position_z` = 12.2106, `orientation` = 3.90954, `spawntimesecs` = 608400 WHERE `guid` = 85793;
UPDATE `creature` SET `id` = 22884, `position_x` = 259.476, `position_y` = 1059.17, `position_z` = -62.4917, `orientation` = 2.74017, `spawntimesecs` = 608400, `curhealth` = 387450 WHERE `guid` = 85747;
UPDATE `creature` SET `id` = 22884, `position_x` = 247.985, `position_y` = 1078.24, `position_z` = -62.547, `orientation` = 5.70723, `spawntimesecs` = 608400, `curhealth` = 387450 WHERE `guid` = 85756;
UPDATE `creature` SET `id` = 22884, `position_x` = 272.72, `position_y` = 808.871, `position_z` = -26.6521, `orientation` = 3.33358, `spawntimesecs` = 608400, `curhealth` = 387450 WHERE `guid` = 85757;
UPDATE `creature` SET `id` = 22884, `position_x` = 435.851, `position_y` = 852.742, `position_z` = 12.324, `orientation` = 4.88692, `spawntimesecs` = 608400, `curhealth` = 387450 WHERE `guid` = 85787;
UPDATE `creature` SET `id` = 22885, `position_x` = 296.038, `position_y` = 999.841, `position_z` = -62.4266, `orientation` = 5.14872, `spawntimesecs` = 608400, `curhealth` = 73353 WHERE `guid` = 85769;
UPDATE `creature` SET `position_x` = 226.089, `position_y` = 1085.78, `position_z` = -60.8464, `orientation` = 4.69494, `spawntimesecs` = 608400, `wander_distance` = 0, `movement_type` = 2 WHERE `guid` = 85763;
UPDATE `creature` SET `position_x` = 224.405, `position_y` = 1088.67, `position_z` = -60.7744, `orientation` = 4.72984, `spawntimesecs` = 608400, `wander_distance` = 0, `movement_type` = 0 WHERE `guid` = 85764;
UPDATE `creature` SET `position_x` = 307.046, `position_y` = 973.556, `position_z` = -59.8508, `orientation` = 3.07178, `spawntimesecs` = 608400, `wander_distance` = 0, `movement_type` = 2 WHERE `guid` = 85765;
UPDATE `creature` SET `position_x` = 307.713, `position_y` = 972.534, `position_z` = -59.657, `orientation` = 2.93215, `spawntimesecs` = 608400, `wander_distance` = 0, `movement_type` = 0 WHERE `guid` = 85766;
UPDATE `creature` SET `position_x` = 304.536, `position_y` = 794.274, `position_z` = -17.0974, `orientation` = 2.96706, `spawntimesecs` = 608400, `wander_distance` = 0, `movement_type` = 2 WHERE `guid` = 85772;
UPDATE `creature` SET `position_x` = 305.727, `position_y` = 793.117, `position_z` = -16.0915, `orientation` = 3.24631, `spawntimesecs` = 608400, `wander_distance` = 0, `movement_type` = 0 WHERE `guid` = 85773;
UPDATE `creature` SET `position_x` = 340.734, `position_y` = 833.329, `position_z` = 2.93703, `orientation` = 0.0174533, `spawntimesecs` = 608400, `wander_distance` = 0, `movement_type` = 2 WHERE `guid` = 85774;
UPDATE `creature` SET `position_x` = 348.612, `position_y` = 829.29, `position_z` = 1.47173, `orientation` = 6.21337, `spawntimesecs` = 608400, `wander_distance` = 0, `movement_type` = 0 WHERE `guid` = 85775;
UPDATE `creature` SET `position_x` = 471.026, `position_y` = 939.149, `position_z` = 14.3479, `orientation` = 4.39823, `spawntimesecs` = 608400, `wander_distance` = 0, `movement_type` = 2 WHERE `guid` = 85776;
UPDATE `creature` SET `position_x` = 471.542, `position_y` = 940.37, `position_z` = 14.4428, `orientation` = 4.72984, `spawntimesecs` = 608400, `wander_distance` = 0, `movement_type` = 0 WHERE `guid` = 85777;
UPDATE `creature` SET `position_x` = 262.745, `position_y` = 740.508, `position_z` = -25.2831, `orientation` = 3.4383, `spawntimesecs` = 608400, `wander_distance` = 6, `movement_type` = 1 WHERE `guid` = 85778;
UPDATE `creature` SET `position_x` = 251.192, `position_y` = 741.957, `position_z` = -26.049, `orientation` = 0.541052, `spawntimesecs` = 608400, `wander_distance` = 6, `movement_type` = 1 WHERE `guid` = 85779;
UPDATE `creature` SET `position_x` = 240.871, `position_y` = 740.208, `position_z` = -25.0218, `orientation` = 0.122173, `spawntimesecs` = 608400, `wander_distance` = 6, `movement_type` = 1 WHERE `guid` = 85780;
UPDATE `creature` SET `position_x` = 260.758, `position_y` = 732.364, `position_z` = -20.7577, `orientation` = 2.80998, `spawntimesecs` = 608400, `wander_distance` = 6, `movement_type` = 1 WHERE `guid` = 85781;
UPDATE `creature` SET `position_x` = 257.151, `position_y` = 736.539, `position_z` = -23.0625, `orientation` = 1.91986, `spawntimesecs` = 608400, `wander_distance` = 6, `movement_type` = 1 WHERE `guid` = 85782;
UPDATE `creature` SET `position_x` = 248.96, `position_y` = 735.245, `position_z` = -22.2937, `orientation` = 1.27409, `spawntimesecs` = 608400, `wander_distance` = 6, `movement_type` = 1 WHERE `guid` = 85783;
UPDATE `creature` SET `position_x` = 242.873, `position_y` = 733.098, `position_z` = -21.0593, `orientation` = 0.349066, `spawntimesecs` = 608400, `wander_distance` = 6, `movement_type` = 1 WHERE `guid` = 85784;
UPDATE `creature` SET `position_x` = 262.664, `position_y` = 722.705, `position_z` = -15.3866, `orientation` = 0.0872665, `spawntimesecs` = 608400, `wander_distance` = 6, `movement_type` = 1 WHERE `guid` = 85797;
UPDATE `creature` SET `position_x` = 254.201, `position_y` = 725.918, `position_z` = -17.1596, `orientation` = 5.48033, `spawntimesecs` = 608400, `wander_distance` = 6, `movement_type` = 1 WHERE `guid` = 85798;
UPDATE `creature` SET `position_x` = 241.252, `position_y` = 723.484, `position_z` = -15.6819, `orientation` = 0.855211, `spawntimesecs` = 608400, `wander_distance` = 6, `movement_type` = 1 WHERE `guid` = 85799;
UPDATE `creature` SET `position_x` = 417.399, `position_y` = 883.342, `position_z` = 15.1391, `orientation` = 5.77704, `spawntimesecs` = 608400, `wander_distance` = 6, `movement_type` = 1 WHERE `guid` = 85800;
UPDATE `creature` SET `position_x` = 431.009, `position_y` = 884.391, `position_z` = 14.5479, `orientation` = 2.87979, `spawntimesecs` = 608400, `wander_distance` = 6, `movement_type` = 1 WHERE `guid` = 85801;
UPDATE `creature` SET `position_x` = 443.297, `position_y` = 885.281, `position_z` = 12.9352, `orientation` = 3.76991, `spawntimesecs` = 608400, `wander_distance` = 6, `movement_type` = 1 WHERE `guid` = 85802;
UPDATE `creature` SET `position_x` = 453.802, `position_y` = 893.915, `position_z` = 12.4862, `orientation` = 5.70723, `spawntimesecs` = 608400, `wander_distance` = 6, `movement_type` = 1 WHERE `guid` = 85803;
UPDATE `creature` SET `position_x` = 410.041, `position_y` = 893.459, `position_z` = 20.1794, `orientation` = 1.20428, `spawntimesecs` = 608400, `wander_distance` = 6, `movement_type` = 1 WHERE `guid` = 85804;
UPDATE `creature` SET `position_x` = 428.272, `position_y` = 899.03, `position_z` = 19.9892, `orientation` = 5.07891, `spawntimesecs` = 608400, `wander_distance` = 6, `movement_type` = 1 WHERE `guid` = 85805;
UPDATE `creature` SET `position_x` = 434.832, `position_y` = 895.914, `position_z` = 18.3294, `orientation` = 2.61799, `spawntimesecs` = 608400, `wander_distance` = 6, `movement_type` = 1 WHERE `guid` = 85806;
UPDATE `creature` SET `position_x` = 444.955, `position_y` = 899.502, `position_z` = 15.7956, `orientation` = 5.86431, `spawntimesecs` = 608400, `wander_distance` = 6, `movement_type` = 1 WHERE `guid` = 85807;
UPDATE `creature` SET `position_x` = 409.344, `position_y` = 904.128, `position_z` = 23.4478, `orientation` = 4.76475, `spawntimesecs` = 608400, `wander_distance` = 6, `movement_type` = 1 WHERE `guid` = 85808;
UPDATE `creature` SET `position_x` = 446.013, `position_y` = 912.213, `position_z` = 15.8907, `orientation` = 0.139626, `spawntimesecs` = 608400, `wander_distance` = 6, `movement_type` = 1 WHERE `guid` = 85809;

DELETE FROM `linked_respawn` WHERE `linkedGuid` = 85749;
INSERT INTO `linked_respawn` (`guid`, `linkedGuid`, `linkType`) VALUES
(77502, 85749, 0), (85743, 85749, 0), (85746, 85749, 0), (85747, 85749, 0), (85748, 85749, 0), (85751, 85749, 0), (85753, 85749, 0), (85754, 85749, 0),
(85755, 85749, 0), (85756, 85749, 0), (85757, 85749, 0), (85758, 85749, 0), (85759, 85749, 0), (85760, 85749, 0), (85761, 85749, 0), (85762, 85749, 0),
(85763, 85749, 0), (85764, 85749, 0), (85765, 85749, 0), (85766, 85749, 0), (85767, 85749, 0), (85769, 85749, 0), (85770, 85749, 0), (85771, 85749, 0),
(85772, 85749, 0), (85773, 85749, 0), (85774, 85749, 0), (85775, 85749, 0), (85776, 85749, 0), (85777, 85749, 0), (85778, 85749, 0), (85779, 85749, 0),
(85780, 85749, 0), (85781, 85749, 0), (85782, 85749, 0), (85783, 85749, 0), (85784, 85749, 0), (85785, 85749, 0), (85786, 85749, 0), (85787, 85749, 0),
(85788, 85749, 0), (85789, 85749, 0), (85790, 85749, 0), (85791, 85749, 0), (85792, 85749, 0), (85793, 85749, 0), (85794, 85749, 0), (85795, 85749, 0),
(85796, 85749, 0), (85797, 85749, 0), (85798, 85749, 0), (85799, 85749, 0), (85800, 85749, 0), (85801, 85749, 0), (85802, 85749, 0), (85803, 85749, 0),
(85804, 85749, 0), (85805, 85749, 0), (85806, 85749, 0), (85807, 85749, 0), (85808, 85749, 0), (85809, 85749, 0);

DELETE FROM `creature_addon` WHERE `guid` IN (85763, 85764, 85765, 85766, 85772, 85773, 85774, 85775, 85776, 85777, 85797, 85760, 85761, 85762, 85751, 85785, 85786);
INSERT INTO `creature_addon` (`guid`, `path_id`) VALUES
(85763, 85763), (85765, 85765), (85772, 85772), (85774, 85774), (85776, 85776), (85760, 85760), (85751, 85751);

DELETE FROM `creature_formations` WHERE `leaderGUID` IN (85763, 85765, 85772, 85774, 85776, 85760, 85751);
INSERT INTO `creature_formations` (`leaderGUID`, `memberGUID`, `dist`, `angle`, `groupAI`) VALUES
(85763, 85763, 0, 0, 2), (85763, 85764, 3, 90, 2),
(85765, 85765, 0, 0, 2), (85765, 85766, 3, 90, 2),
(85772, 85772, 0, 0, 2), (85772, 85773, 3, 90, 2),
(85774, 85774, 0, 0, 2), (85774, 85775, 3, 90, 2),
(85776, 85776, 0, 0, 2), (85776, 85777, 3, 90, 2),
(85760, 85760, 0, 0, 2), (85760, 85761, 9, 90, 2),
(85760, 85762, 9, 270, 2), (85751, 85751, 0, 0, 2),
(85751, 85785, 9, 90, 2), (85751, 85786, 9, 270, 2);

DELETE FROM `waypoint_data` WHERE `id` IN (85763, 85764, 85765, 85766, 85772, 85774, 85776, 85797, 85760, 85761, 85762, 85751, 85785, 85786);
INSERT INTO `waypoint_data` (`id`, `point`, `position_x`, `position_y`, `position_z`) VALUES
(85763, 1, 226.089, 1085.78, -60.8464), (85763, 2, 233.243, 1058.12, -62.6415), (85763, 3, 228.611, 1052.8, -60.738),
(85763, 4, 220.192, 1035.47, -59.8108), (85763, 5, 225.346, 1029.27, -60.6067), (85763, 6, 237.518, 995.357, -62.7957),
(85763, 7, 242.939, 981.122, -62.7926), (85763, 8, 245.098, 960.654, -62.6364), (85763, 9, 234.954, 952.576, -59.6471),
(85763, 10, 236.069, 926.981, -46.4433), (85763, 11, 234.837, 908.862, -37.4626), (85763, 12, 235.369, 887.448, -26.2796),
(85763, 13, 220.651, 865.486, -23.3706), (85763, 14, 219.092, 852.738, -23.3419), (85763, 15, 226.649, 839.196, -23.915),
(85763, 16, 220.651, 865.486, -23.3706), (85763, 17, 234.173, 876.316, -25.8278), (85763, 18, 235.369, 887.448, -26.2796),
(85763, 19, 234.837, 908.862, -37.4626), (85763, 20, 236.069, 926.981, -46.4433), (85763, 21, 234.954, 952.576, -59.6471),
(85763, 22, 245.098, 960.654, -62.6364), (85763, 23, 242.939, 981.122, -62.7926), (85763, 24, 237.518, 995.357, -62.7957),
(85763, 25, 234.081, 1021.12, -62.6359), (85763, 26, 225.346, 1029.27, -60.6067), (85763, 27, 220.19, 1035.38, -59.7974),
(85763, 28, 228.611, 1052.8, -60.738), (85763, 29, 233.243, 1058.12, -62.6415),
(85765, 1, 307.046, 973.556, -59.8508), (85765, 2, 284.777, 980.243, -60.273), (85765, 3, 276.599, 969.115, -60.1709),
(85765, 4, 277.381, 947.383, -54.9543), (85765, 5, 281.643, 931.648, -46.9938), (85765, 6, 280.219, 915.359, -38.7623),
(85765, 7, 276.756, 899.389, -30.6913), (85765, 8, 275.504, 886.346, -24.1769), (85765, 9, 277.274, 871.31, -24.0953),
(85765, 10, 282.819, 867.842, -23.829), (85765, 11, 282.796, 853.058, -23.6014), (85765, 12, 278.038, 838.553, -24.1404),
(85765, 13, 284.288, 862.939, -23.3167), (85765, 14, 277.274, 871.31, -24.0953), (85765, 15, 275.504, 886.346, -24.1769),
(85765, 16, 276.756, 899.389, -30.6913), (85765, 17, 280.219, 915.359, -38.7623), (85765, 18, 281.643, 931.648, -46.9938),
(85765, 19, 277.381, 947.383, -54.9543), (85765, 20, 276.599, 969.115, -60.1709), (85765, 21, 278.623, 976.9, -60.2353),
(85765, 22, 295.125, 980.323, -60.5337),
(85772, 1, 304.536, 794.274, -17.0974), (85772, 2, 277.717, 795.995, -24.278), (85772, 3, 275.691, 786.673, -24.5721),
(85772, 4, 278.345, 776.364, -24.4339), (85772, 5, 282.012, 760.712, -23.8697), (85772, 6, 275.798, 754.943, -24.3556),
(85772, 7, 273.43, 724.787, -13.7838), (85772, 8, 270.276, 709.729, -5.0484), (85772, 9, 258.103, 704.142, -5.11231),
(85772, 10, 240.957, 703.24, -4.51419), (85772, 11, 229.624, 710.52, -4.99091), (85772, 12, 225.557, 730.273, -16.2969),
(85772, 13, 224.995, 741.685, -23.0695), (85772, 14, 224.02, 758.44, -24.3269), (85772, 15, 220.176, 763.127, -23.5696),
(85772, 16, 223.115, 777.312, -24.3979), (85772, 17, 224.396, 791.77, -24.3417), (85772, 18, 217.614, 772.247, -23.5662),
(85772, 19, 224.02, 758.44, -24.3269), (85772, 20, 224.995, 741.685, -23.0695), (85772, 21, 225.557, 730.273, -16.2969),
(85772, 22, 229.624, 710.52, -4.99091), (85772, 23, 240.957, 703.24, -4.51419), (85772, 24, 258.103, 704.142, -5.11231),
(85772, 25, 270.276, 709.729, -5.0484), (85772, 26, 273.43, 724.787, -13.7838), (85772, 27, 275.307, 743.774, -24.4919),
(85772, 28, 273.443, 749.811, -24.4084), (85772, 29, 282.012, 760.712, -23.8697), (85772, 30, 278.345, 776.364, -24.4339),
(85772, 31, 275.691, 786.673, -24.5721), (85772, 32, 285.931, 799.613, -24.2482), (85772, 33, 297.314, 797.696, -20.3097),
(85774, 1, 340.734, 833.329, 2.93703), (85774, 2, 360.76, 829.727, 5.36983), (85774, 3, 364.444, 835.33, 6.67089),
(85774, 4, 384.951, 834.913, 14.3415), (85774, 5, 389.771, 827.337, 15.6468), (85774, 6, 364.444, 835.33, 6.67089),
(85774, 7, 360.76, 829.727, 5.36983), (85774, 8, 348.37, 829.136, 1.29363), (85774, 9, 340.734, 833.329, 2.93703),
(85774, 10, 360.76, 829.727, 5.36983), (85774, 11, 384.951, 834.913, 14.3415), (85774, 12, 389.771, 827.337, 15.6468),
(85774, 13, 364.444, 835.33, 6.67089), (85774, 14, 354.579, 826.829, 3.60238), (85774, 15, 340.734, 833.329, 2.93703),
(85774, 16, 360.76, 829.727, 5.36983), (85774, 17, 384.951, 834.913, 14.3415), (85774, 18, 389.771, 827.337, 15.6468),
(85774, 19, 364.444, 835.33, 6.67089), (85774, 20, 360.76, 829.727, 5.36983), (85774, 21, 348.37, 829.136, 1.29363),
(85776, 1, 471.026, 939.149, 14.3479), (85776, 2, 468.96, 919.985, 15.4321), (85776, 3, 466.678, 913.525, 15.6578),
(85776, 4, 468.692, 905.612, 15.5934), (85776, 5, 467.848, 899.905, 15.5474), (85776, 6, 463.244, 893.076, 14.142),
(85776, 7, 467.239, 885.116, 15.4301), (85776, 8, 466.146, 875.546, 15.3543), (85776, 9, 469.711, 866.681, 15.1906),
(85776, 10, 474.351, 859.564, 15.2195), (85776, 11, 473.451, 852.345, 15.0224), (85776, 12, 468.871, 849.082, 14.9279),
(85776, 13, 466.53, 845.222, 14.9788), (85776, 14, 473.451, 852.345, 15.0224), (85776, 15, 474.351, 859.564, 15.2195),
(85776, 16, 469.711, 866.681, 15.1906), (85776, 17, 466.146, 875.546, 15.3543), (85776, 18, 467.239, 885.116, 15.4301),
(85776, 19, 463.244, 893.076, 14.142), (85776, 20, 467.848, 899.905, 15.5474), (85776, 21, 468.692, 905.612, 15.5934),
(85776, 22, 466.678, 913.525, 15.6578), (85776, 23, 468.96, 919.985, 15.4321),
(85760, 1, 252.533, 943.365, -55.7829), (85760, 2, 252.684, 922.296, -44.6781), (85760, 3, 252.334, 893.901, -30.813),
(85760, 4, 252.684, 922.296, -44.6781),
(85751, 1, 312.854, 813.108, -17.5873), (85751, 2, 341.349, 812.853, -6.12684), (85751, 3, 381.809, 812.652, 9.06626),
(85751, 4, 341.45, 812.852, -6.09559);

DELETE FROM `smart_scripts` WHERE `entryorguid` IN (22877, 22884, 22873, 22874, 22875, 22876, 22878, 22881, 22883, 22885) AND `source_type` = 0;
INSERT INTO `smart_scripts` (`entryorguid`, `source_type`, `id`, `link`, `event_type`, `event_phase_mask`, `event_chance`, `event_flags`, `event_param1`, `event_param2`, `event_param3`, `event_param4`, `action_type`, `action_param1`, `action_param2`, `action_param3`, `action_param4`, `action_param5`, `action_param6`, `target_type`, `target_param1`, `target_param2`, `target_param3`, `target_x`, `target_y`, `target_z`, `target_o`, `comment`) VALUES
(22877, 0, 0, 0, 0, 0, 100, 0, 5000, 8000, 6000, 9000, 11, 15284, 0, 0, 0, 0, 0, 2, 0, 0, 0, 0, 0, 0, 0, "Coilskar Wrangler - In Combat - Cast 'Cleave'"),
(22877, 0, 1, 0, 0, 0, 100, 0, 2000, 5000, 12000, 15000, 11, 40066, 0, 0, 0, 0, 0, 5, 0, 0, 0, 0, 0, 0, 0, "Coilskar Wrangler - In Combat - Cast 'Lightning Prod'"),
(22877, 0, 2, 0, 0, 0, 100, 0, 2000, 12000, 20000, 20000, 11, 40076, 0, 0, 0, 0, 0, 19, 22884, 30, 0, 0, 0, 0, 0, "Coilskar Wrangler - In Combat - Cast 'Electric Spur' (Creature ID: 22884, 30 Yards)"),
(22877, 0, 3, 0, 1, 0, 100, 0, 16000, 24000, 16000, 24000, 11, 40076, 0, 0, 0, 0, 0, 19, 22884, 20, 0, 0, 0, 0, 0, "Coilskar Wrangler - Out of Combat - Cast 'Electric Spur' (Creature ID: 22884, 20 Yards)"),

(22884, 0, 0, 0, 0, 0, 100, 0, 5000, 10000, 8000, 10000, 11, 40077, 0, 0, 0, 0, 0, 2, 0, 0, 0, 0, 0, 0, 0, "Leviathan - In Combat - Cast 'Tail Sweep'"),
(22884, 0, 1, 0, 0, 0, 100, 0, 6000, 10000, 17000, 18000, 11, 40078, 0, 0, 0, 0, 0, 5, 0, 0, 0, 0, 0, 0, 0, "Leviathan - In Combat - Cast 'Poison Spit'"),
(22884, 0, 2, 0, 0, 0, 100, 0, 2000, 5000, 14000, 18000, 11, 40079, 0, 0, 0, 0, 0, 5, 0, 0, 0, 0, 0, 0, 0, "Leviathan - In Combat - Cast 'Debilitating Spray'"),

(22873, 0, 0, 0, 0, 0, 100, 0, 0, 1000, 15000, 20000, 11, 40080, 0, 0, 0, 0, 0, 1, 0, 0, 0, 0, 0, 0, 0, "Coilskar General - In Combat - Cast 'Booming Voice'"),
(22873, 0, 1, 0, 15, 0, 100, 0, 100, 15000, 15000, 0, 11, 40081, 0, 0, 0, 0, 0, 7, 0, 0, 0, 0, 0, 0, 0, "Coilskar General - Friendly CC - Cast 'Free Friend'"),

(22874, 0, 0, 0, 0, 0, 100, 0, 1000, 1000, 2500, 3000, 11, 40083, 64, 0, 0, 0, 0, 2, 0, 0, 0, 0, 0, 0, 0, "Coilskar Harpooner - In Combat - Cast 'Spear Throw'"),
(22874, 0, 1, 0, 0, 0, 100, 0, 2000, 12000, 30000, 48000, 11, 40084, 0, 0, 0, 0, 0, 5, 0, 0, 0, 0, 0, 0, 0, "Coilskar Harpooner - In Combat - Cast 'Harpooner's Mark'"),
(22874, 0, 2, 0, 0, 0, 100, 0, 6000, 12000, 20000, 20000, 11, 40082, 0, 0, 0, 0, 0, 5, 0, 0, 0, 0, 0, 0, 0, "Coilskar Harpooner - In Combat - Cast 'Hooked Net'"),

(22875, 0, 0, 0, 0, 0, 100, 0, 2000, 5000, 8000, 10000, 11, 40088, 0, 0, 0, 0, 0, 2, 0, 0, 0, 0, 0, 0, 0, "Coilskar Sea-Caller - In Combat - Cast 'Forked Lightning'"),
(22875, 0, 1, 0, 0, 0, 100, 0, 6000, 10000, 17000, 28000, 11, 40090, 0, 0, 0, 0, 0, 5, 0, 0, 0, 0, 0, 0, 0, "Coilskar Sea-Caller - In Combat - Cast 'Hurricane'"),
(22875, 0, 2, 0, 0, 0, 100, 0, 11000, 12000, 11000, 18000, 11, 40091, 0, 0, 0, 0, 0, 5, 0, 0, 0, 0, 0, 0, 0, "Coilskar Sea-Caller - In Combat - Cast 'Summon Geyser'"),

(22876, 0, 0, 0, 0, 0, 100, 0, 4000, 9000, 10000, 10000, 11, 40096, 0, 0, 0, 0, 0, 1, 0, 0, 0, 0, 0, 0, 0, "Coilskar Soothsayer - In Combat - Cast 'Holy Nova'"),
(22876, 0, 1, 0, 14, 0, 100, 0, 40000, 40, 10000, 15000, 11, 40097, 0, 0, 0, 0, 0, 7, 0, 0, 0, 0, 0, 0, 0, "Coilskar Soothsayer - Friendly Missing Health - Cast 'Restoration'"),

(22878, 0, 0, 0, 0, 0, 100, 0, 7000, 11000, 9000, 13000, 11, 40100, 0, 0, 0, 0, 0, 2, 0, 0, 0, 0, 0, 0, 0, "Aqueous Lord - In Combat - Cast 'Crashing Wave'"),
(22878, 0, 1, 0, 0, 0, 100, 0, 9000, 15000, 6000, 12000, 11, 40099, 0, 0, 0, 0, 0, 5, 0, 0, 0, 0, 0, 0, 0, "Aqueous Lord - In Combat - Cast 'Vile Slime'"),
(22878, 0, 2, 0, 0, 0, 100, 0, 14000, 18000, 30000, 40000, 12, 22883, 4, 30000, 0, 0, 0, 1, 0, 0, 0, 0, 0, 0, 0, "Aqueous Lord - In Combat - Summon Creature 'Aqueous Spawn'"),

(22881, 0, 0, 0, 0, 0, 100, 0, 30000, 30000, 35000, 35000, 11, 40095, 0, 0, 0, 0, 0, 2, 0, 0, 0, 0, 0, 0, 0, "Aqueous Surger - In Combat - Cast 'Poison Bolt Volley'"),

(22883, 0, 0, 0, 0, 0, 100, 0, 1000, 5000, 6500, 8000, 11, 40102, 0, 0, 0, 0, 0, 5, 0, 0, 0, 0, 0, 0, 0, "Aqueous Spawn - In Combat - Cast 'Sludge Nova'"),
(22883, 0, 1, 0, 0, 0, 100, 0, 5000, 5000, 5000, 5000, 11, 40106, 1, 0, 0, 0, 0, 19, 22878, 20, 0, 0, 0, 0, 0, "Aqueous Spawn - In Combat - Cast 'Merge' (Creature ID: 22878, 20 Yards)"),

(22885, 0, 0, 0, 0, 0, 100, 0, 1000, 5000, 8500, 13000, 11, 40086, 0, 0, 0, 0, 0, 2, 0, 0, 0, 0, 0, 0, 0, "Dragon Turtle - In Combat - Cast 'Water Spit'"),
(22885, 0, 1, 0, 2, 0, 100, 1, 0, 50, 0, 0, 11, 40087, 0, 0, 0, 0, 0, 1, 0, 0, 0, 0, 0, 0, 0, "Dragon Turtle - In Combat - Cast 'Shell Shield'");

UPDATE `conditions` SET `ConditionValue2` = 22878 WHERE `SourceEntry` = 40106 AND `SourceGroup` = 1 AND `SourceTypeOrReferenceId` = 13;
