-- 22898
UPDATE `creature` SET `position_x` = 702.141, `position_y` = 650.715, `position_z` = 75.0493, `orientation` = 1.50098, `spawntimesecs` = 608400 WHERE `guid` = 85750;
-- 22954
UPDATE `creature` SET `equipment_id` = 1, `position_x` = 734.445, `position_y` = 863.593, `position_z` = 56.506, `orientation` = 5.46288, `spawntimesecs` = 608400, `wander_distance` = 0, `movement_type` = 2 WHERE `guid` = 85828;
UPDATE `creature` SET `equipment_id` = 1, `position_x` = 680.513, `position_y` = 736.589, `position_z` = 68.9803, `orientation` = 4.76475, `spawntimesecs` = 608400, `wander_distance` = 0, `movement_type` = 2 WHERE `guid` = 85860;
UPDATE `creature` SET `equipment_id` = 1, `position_x` = 713.026, `position_y` = 704.147, `position_z` = 70.841, `orientation` = 0.506145, `spawntimesecs` = 608400, `wander_distance` = 0, `movement_type` = 2 WHERE `guid` = 85861;
DELETE FROM `creature` WHERE `guid` = 85452 AND `id` = 22954;
INSERT INTO `creature` (`guid`, `id`, `map`, `zoneId`, `areaId`, `spawnMask`, `phaseMask`, `modelid`, `equipment_id`, `position_x`, `position_y`, `position_z`, `orientation`, `spawntimesecs`, `curhealth`, `curmana`, `wander_distance`, `movement_type`) VALUES
(85452, 22954, 564, 3959, 4009, 16, 1, 0, 1, 612.101, 715.059, 77.4802, 6.03982, 608400, 387450, 0, 0, 2);
-- 22960
UPDATE `creature` SET `position_x` = 646.562, `position_y` = 906.383, `position_z` = 58.6705, `orientation` = 3.74361, `spawntimesecs` = 608400, `wander_distance` = 0, `movement_type` = 2 WHERE `guid` = 85820;
UPDATE `creature` SET `position_x` = 652.17, `position_y` = 923.003, `position_z` = 57.3637, `orientation` = 0.785398, `spawntimesecs` = 608400, `wander_distance` = 0, `movement_type` = 0 WHERE `guid` = 85821;
UPDATE `creature` SET `position_x` = 729.197, `position_y` = 949.823, `position_z` = 53.1687, `orientation` = 1.55258, `spawntimesecs` = 608400, `wander_distance` = 0, `movement_type` = 2 WHERE `guid` = 85859;
UPDATE `creature` SET `position_x` = 726.527, `position_y` = 934.748, `position_z` = 53.17, `orientation` = 0.303788, `spawntimesecs` = 608400, `wander_distance` = 0, `movement_type` = 0 WHERE `guid` = 85862;
DELETE FROM `creature` WHERE `guid` IN (85453, 85454, 85455, 85456, 85539, 85542, 85543, 85544) AND `id` = 22960;
INSERT INTO `creature` (`guid`, `id`, `map`, `zoneId`, `areaId`, `spawnMask`, `phaseMask`, `modelid`, `equipment_id`, `position_x`, `position_y`, `position_z`, `orientation`, `spawntimesecs`, `curhealth`, `curmana`, `wander_distance`, `movement_type`) VALUES
(85453, 22960, 564, 3959, 4009, 16, 1, 0, 0, 706.189, 849.303, 58.1355, 2.21281, 608400, 140728, 32310, 0, 2),
(85454, 22960, 564, 3959, 4009, 16, 1, 0, 0, 702.981, 831.523, 59.5106, 3.03593, 608400, 140728, 32310, 0, 0),
(85455, 22960, 564, 3959, 4009, 16, 1, 0, 0, 786.933, 824.156, 61.3909, 1.38322, 608400, 140728, 32310, 0, 2),
(85456, 22960, 564, 3959, 4009, 16, 1, 0, 0, 792.38, 793.762, 65.4937, 3.94444, 608400, 140728, 32310, 0, 0),
(85539, 22960, 564, 3959, 4009, 16, 1, 0, 0, 611.789, 788.195, 70.0482, 2.6529, 608400, 140728, 32310, 0, 2),
(85542, 22960, 564, 3959, 4009, 16, 1, 0, 0, 614.389, 817.242, 67.6964, 3.08923, 608400, 140728, 32310, 0, 0),
(85543, 22960, 564, 3959, 4009, 16, 1, 0, 0, 786.826, 830.001, 60.5679, 1.6057, 608400, 140728, 32310, 0, 0),
(85544, 22960, 564, 3959, 4009, 16, 1, 0, 0, 616.45, 839.58, 66.8133, 2.35619, 608400, 140728, 32310, 0, 0);
-- 23030
UPDATE `creature` SET `position_x` = 745.065, `position_y` = 920.367, `position_z` = 54.0259, `orientation` = 2.68781, `spawntimesecs` = 608400, `wander_distance` = 0, `movement_type` = 0 WHERE `guid` = 77503;
UPDATE `creature` SET `position_x` = 740.413, `position_y` = 946.561, `position_z` = 54.34, `orientation` = 3.54302, `spawntimesecs` = 608400, `wander_distance` = 0, `movement_type` = 0 WHERE `guid` = 77504;
UPDATE `creature` SET `position_x` = 667.795, `position_y` = 938.849, `position_z` = 54.7873, `orientation` = 3.42085, `spawntimesecs` = 608400, `wander_distance` = 0, `movement_type` = 0 WHERE `guid` = 77505;
UPDATE `creature` SET `position_x` = 663.321, `position_y` = 915.896, `position_z` = 55.944, `orientation` = 2.75762, `spawntimesecs` = 608400, `wander_distance` = 0, `movement_type` = 0 WHERE `guid` = 77506;
UPDATE `creature` SET `position_x` = 772.705, `position_y` = 844.11, `position_z` = 60.7893, `orientation` = 5.61996, `spawntimesecs` = 608400, `wander_distance` = 0, `movement_type` = 2 WHERE `guid` = 77507;
UPDATE `creature` SET `position_x` = 601.692, `position_y` = 852.726, `position_z` = 64.1991, `orientation` = 5.60251, `spawntimesecs` = 608400, `wander_distance` = 0, `movement_type` = 2 WHERE `guid` = 77509;
UPDATE `creature` SET `position_x` = 625.686, `position_y` = 814.279, `position_z` = 67.3317, `orientation` = 0.218163, `spawntimesecs` = 608400, `wander_distance` = 0, `movement_type` = 2 WHERE `guid` = 85830;
UPDATE `creature` SET `position_x` = 780.614, `position_y` = 801.274, `position_z` = 67.4089, `orientation` = 5.25197, `spawntimesecs` = 608400, `wander_distance` = 0, `movement_type` = 2 WHERE `guid` = 85831;
DELETE FROM `creature` WHERE `guid` IN (85545, 85555, 85584, 85585, 85586, 85699, 85700, 85701, 85702, 85703, 85704, 85705, 85706, 85707) AND `id` = 23030;
INSERT INTO `creature` (`guid`, `id`, `map`, `zoneId`, `areaId`, `spawnMask`, `phaseMask`, `modelid`, `equipment_id`, `position_x`, `position_y`, `position_z`, `orientation`, `spawntimesecs`, `curhealth`, `curmana`, `wander_distance`, `movement_type`) VALUES
(85545, 23030, 564, 3959, 4009, 16, 1, 0, 0, 623.249, 779.821, 71.3502, 2.74017, 608400, 140728, 32310, 0, 2),
(85555, 23030, 564, 3959, 4009, 16, 1, 0, 0, 604.079, 772.641, 71.259, 1.09956, 608400, 140728, 32310, 0, 0),
(85584, 23030, 564, 3959, 4009, 16, 1, 0, 0, 804.871, 737.347, 150.793, 3.82686, 608400, 140728, 32310, 0, 2),
(85585, 23030, 564, 3959, 4009, 16, 1, 0, 0, 653.498, 813.538, 170.708, 3.3331, 608400, 140728, 32310, 0, 0),
(85586, 23030, 564, 3959, 4009, 16, 1, 0, 0, 727.565, 847.112, 172.933, 2.95026, 608400, 140728, 32310, 0, 0),
(85699, 23030, 564, 3959, 4009, 16, 1, 0, 0, 787.31, 906.63, 158.328, 2.70095, 608400, 140728, 32310, 0, 2),
(85700, 23030, 564, 3959, 4009, 16, 1, 0, 0, 794.807, 913.049, 160.709, 2.2116, 608400, 140728, 32310, 0, 0),
(85701, 23030, 564, 3959, 4009, 16, 1, 0, 0, 789.186, 876.803, 172.778, 2.49985, 608400, 140728, 32310, 0, 0),
(85702, 23030, 564, 3959, 4009, 16, 1, 0, 0, 749.014, 655.24, 183.016, 1.94503, 608400, 140728, 32310, 0, 2),
(85703, 23030, 564, 3959, 4009, 16, 1, 0, 0, 765.987, 728.125, 182.093, 3.87085, 608400, 140728, 32310, 0, 0),
(85704, 23030, 564, 3959, 4009, 16, 1, 0, 0, 770.49, 763.192, 182.093, 3.31812, 608400, 140728, 32310, 0, 0),
(85705, 23030, 564, 3959, 4009, 16, 1, 0, 0, 782.735, 872.812, 184.506, 3.38681, 608400, 140728, 32310, 0, 2),
(85706, 23030, 564, 3959, 4009, 16, 1, 0, 0, 804.513, 862.923, 164.459, 3.09925, 608400, 140728, 32310, 0, 0),
(85707, 23030, 564, 3959, 4009, 16, 1, 0, 0, 791.157, 860.043, 166.041, 3.18661, 608400, 140728, 32310, 0, 0);
-- 23330
UPDATE `creature` SET `position_x` = 801.626, `position_y` = 845.524, `position_z` = 60.7432, `orientation` = 4.39823, `spawntimesecs` = 608400, `wander_distance` = 0, `movement_type` = 0 WHERE `guid` = 85816;
UPDATE `creature` SET `position_x` = 626.741, `position_y` = 854.619, `position_z` = 64.869, `orientation` = 4.11898, `spawntimesecs` = 608400, `wander_distance` = 0, `movement_type` = 0 WHERE `guid` = 85817;
UPDATE `creature` SET `position_x` = 602.863, `position_y` = 815.852, `position_z` = 67.0543, `orientation` = 0.139626, `spawntimesecs` = 608400, `wander_distance` = 0, `movement_type` = 0 WHERE `guid` = 85818;
UPDATE `creature` SET `position_x` = 792.023, `position_y` = 806.223, `position_z` = 64.2056, `orientation` = 3.05321, `spawntimesecs` = 608400, `wander_distance` = 0, `movement_type` = 0 WHERE `guid` = 85819;
DELETE FROM `creature` WHERE `guid` IN (85708, 85709) AND `id` = 23330;
INSERT INTO `creature` (`guid`, `id`, `map`, `zoneId`, `areaId`, `spawnMask`, `phaseMask`, `modelid`, `equipment_id`, `position_x`, `position_y`, `position_z`, `orientation`, `spawntimesecs`, `curhealth`, `curmana`, `wander_distance`, `movement_type`) VALUES
(85708, 23330, 564, 3959, 4009, 16, 1, 0, 0, 698.752, 861.043, 66.7199, 1.10628, 608400, 140728, 48465, 0, 2),
(85709, 23330, 564, 3959, 4009, 16, 1, 0, 0, 705.102, 851.734, 62.4928, 3.44252, 608400, 140728, 48465, 0, 0);
-- 23028
UPDATE `creature` SET `position_x` = 598.576, `position_y` = 913.276, `position_z` = 58.4289, `orientation` = 3.1765, `spawntimesecs` = 608400, `wander_distance` = 0, `movement_type` = 2 WHERE `guid` = 85815;
UPDATE `creature` SET `position_x` = 615.42, `position_y` = 971.284, `position_z` = 55.8553, `orientation` = 5.92138, `spawntimesecs` = 608400, `wander_distance` = 0, `movement_type` = 2 WHERE `guid` = 85826;
UPDATE `creature` SET `position_x` = 812.482, `position_y` = 906.275, `position_z` = 56.8693, `orientation` = 2.47875, `spawntimesecs` = 608400, `wander_distance` = 0, `movement_type` = 2 WHERE `guid` = 85827;
DELETE FROM `creature` WHERE `guid` IN (85710, 85711, 85712, 85713) AND `id` = 23028;
INSERT INTO `creature` (`guid`, `id`, `map`, `zoneId`, `areaId`, `spawnMask`, `phaseMask`, `modelid`, `equipment_id`, `position_x`, `position_y`, `position_z`, `orientation`, `spawntimesecs`, `curhealth`, `curmana`, `wander_distance`, `movement_type`) VALUES
(85710, 23028, 564, 3959, 4009, 16, 1, 0, 0, 822.356, 964.628, 54.8096, 0.562534, 608400, 120624, 32310, 0, 2),
(85711, 23028, 564, 3959, 4009, 16, 1, 0, 0, 771.158, 744.486, 69.7692, 4.86935, 608400, 120624, 32310, 0, 2),
(85712, 23028, 564, 3959, 4009, 16, 1, 0, 0, 620, 964.965, 56.0248, 0.655566, 608400, 120624, 32310, 0, 0),
(85713, 23028, 564, 3959, 4009, 16, 1, 0, 0, 808.197, 919.505, 56.9943, 2.64751, 608400, 120624, 32310, 0, 0);
-- 22963
UPDATE `creature` SET `equipment_id` = 1, `position_x` = 608.457, `position_y` = 905.714, `position_z` = 58.3786, `orientation` = 3.07178, `spawntimesecs` = 608400, `wander_distance` = 0, `movement_type` = 0 WHERE `guid` = 85810;
UPDATE `creature` SET `equipment_id` = 1, `position_x` = 608.117, `position_y` = 898.358, `position_z` = 58.8849, `orientation` = 4.4855, `spawntimesecs` = 608400, `wander_distance` = 0, `movement_type` = 0 WHERE `guid` = 85811;
UPDATE `creature` SET `equipment_id` = 1, `position_x` = 604.805, `position_y` = 895.899, `position_z` = 59.4836, `orientation` = 5.13127, `spawntimesecs` = 608400, `wander_distance` = 0, `movement_type` = 0 WHERE `guid` = 85812;
UPDATE `creature` SET `equipment_id` = 1, `position_x` = 598.983, `position_y` = 897.126, `position_z` = 60.3713, `orientation` = 3.40339, `spawntimesecs` = 608400, `wander_distance` = 0, `movement_type` = 0 WHERE `guid` = 85813;
UPDATE `creature` SET `equipment_id` = 1, `position_x` = 594.88, `position_y` = 902.28, `position_z` = 60.2541, `orientation` = 4.60767, `spawntimesecs` = 608400, `wander_distance` = 0, `movement_type` = 0 WHERE `guid` = 85814;
UPDATE `creature` SET `equipment_id` = 1, `position_x` = 592.188, `position_y` = 893.367, `position_z` = 61.8436, `orientation` = 0.401426, `spawntimesecs` = 608400, `wander_distance` = 0, `movement_type` = 0 WHERE `guid` = 85822;
UPDATE `creature` SET `equipment_id` = 1, `position_x` = 621.507, `position_y` = 973.485, `position_z` = 56.0037, `orientation` = 0.593412, `spawntimesecs` = 608400, `wander_distance` = 0, `movement_type` = 0 WHERE `guid` = 85823;
UPDATE `creature` SET `equipment_id` = 1, `position_x` = 624.683, `position_y` = 970.87, `position_z` = 55.9705, `orientation` = 1.3439, `spawntimesecs` = 608400, `wander_distance` = 0, `movement_type` = 0 WHERE `guid` = 85824;
UPDATE `creature` SET `equipment_id` = 1, `position_x` = 630.328, `position_y` = 972.237, `position_z` = 55.6126, `orientation` = 1.23918, `spawntimesecs` = 608400, `wander_distance` = 0, `movement_type` = 0 WHERE `guid` = 85825;
DELETE FROM `creature` WHERE `guid` IN (85714, 85715, 85716, 85717, 85718, 85719, 85720, 85721, 85722, 85723,
                                        85724, 85725, 85726, 85727, 85728, 85729, 85730, 85731, 85732) AND `id` = 22963;
INSERT INTO `creature` (`guid`, `id`, `map`, `zoneId`, `areaId`, `spawnMask`, `phaseMask`, `modelid`, `equipment_id`, `position_x`, `position_y`, `position_z`, `orientation`, `spawntimesecs`, `curhealth`, `curmana`, `wander_distance`, `movement_type`) VALUES
(85714, 22963, 564, 3959, 4009, 16, 1, 0, 1, 637.091, 971.699, 55.3182, 1.8675, 608400, 17605, 31550, 0, 0),
(85715, 22963, 564, 3959, 4009, 16, 1, 0, 1, 641.105, 973.82, 55.3115, 2.42601, 608400, 17605, 31550, 0, 0),
(85716, 22963, 564, 3959, 4009, 16, 1, 0, 1, 645.457, 975.451, 55.456, 2.63545, 608400, 17605, 31550, 0, 0),
(85717, 22963, 564, 3959, 4009, 16, 1, 0, 1, 807.242, 907.539, 57.0312, 2.74017, 608400, 17605, 31550, 0, 0),
(85718, 22963, 564, 3959, 4009, 16, 1, 0, 1, 801.312, 916.646, 57.2519, 4.46804, 608400, 17605, 31550, 0, 0),
(85719, 22963, 564, 3959, 4009, 16, 1, 0, 1, 795.557, 917.51, 57.105, 4.7822, 608400, 17605, 31550, 0, 0),
(85720, 22963, 564, 3959, 4009, 16, 1, 0, 1, 788.733, 909.468, 56.1885, 0.0174533, 608400, 17605, 31550, 0, 0),
(85721, 22963, 564, 3959, 4009, 16, 1, 0, 1, 790.156, 902.862, 56.3203, 0.191986, 608400, 17605, 31550, 0, 0),
(85722, 22963, 564, 3959, 4009, 16, 1, 0, 1, 819.53, 954.766, 56.1812, 0.10472, 608400, 17605, 31550, 0, 0),
(85723, 22963, 564, 3959, 4009, 16, 1, 0, 1, 819.105, 947.871, 56.3158, 5.58505, 608400, 17605, 31550, 0, 0),
(85724, 22963, 564, 3959, 4009, 16, 1, 0, 1, 816.922, 941.831, 55.9709, 6.19592, 608400, 17605, 31550, 0, 0),
(85725, 22963, 564, 3959, 4009, 16, 1, 0, 1, 817.771, 936.344, 55.8903, 0.907571, 608400, 17605, 31550, 0, 0),
(85726, 22963, 564, 3959, 4009, 16, 1, 0, 1, 820.026, 931.204, 56.3162, 1.29154, 608400, 17605, 31550, 0, 0),
(85727, 22963, 564, 3959, 4009, 16, 1, 0, 1, 825.766, 929.615, 55.4479, 1.81514, 608400, 17605, 31550, 0, 0),
(85728, 22963, 564, 3959, 4009, 16, 1, 0, 1, 767.072, 754.671, 67.7514, 3.33358, 608400, 17605, 31550, 0, 0),
(85729, 22963, 564, 3959, 4009, 16, 1, 0, 1, 766.071, 761.649, 66.069, 3.38594, 608400, 17605, 31550, 0, 0),
(85730, 22963, 564, 3959, 4009, 16, 1, 0, 1, 763.726, 768.291, 64.8301, 3.42085, 608400, 17605, 31550, 0, 0),
(85731, 22963, 564, 3959, 4009, 16, 1, 0, 1, 770.036, 781.031, 67.044, 2.00713, 608400, 17605, 31550, 0, 0),
(85732, 22963, 564, 3959, 4009, 16, 1, 0, 1, 771.916, 786.648, 66.1781, 3.21141, 608400, 17605, 31550, 0, 0);

DELETE FROM `linked_respawn` WHERE `linkedGuid` = 85750;
INSERT INTO `linked_respawn` (`guid`, `linkedGuid`, `linkType`) VALUES
(77503, 85750, 0), (77504, 85750, 0), (77505, 85750, 0), (77506, 85750, 0), (77507, 85750, 0), (77509, 85750, 0),
(85810, 85750, 0), (85811, 85750, 0), (85812, 85750, 0), (85813, 85750, 0), (85814, 85750, 0), (85815, 85750, 0),
(85816, 85750, 0), (85817, 85750, 0), (85818, 85750, 0), (85819, 85750, 0), (85820, 85750, 0), (85821, 85750, 0),
(85822, 85750, 0), (85823, 85750, 0), (85824, 85750, 0), (85825, 85750, 0), (85826, 85750, 0), (85827, 85750, 0),
(85828, 85750, 0), (85830, 85750, 0), (85831, 85750, 0), (85859, 85750, 0), (85860, 85750, 0), (85861, 85750, 0),
(85862, 85750, 0), (85452, 85750, 0), (85453, 85750, 0), (85454, 85750, 0), (85455, 85750, 0), (85456, 85750, 0),
(85539, 85750, 0), (85542, 85750, 0), (85543, 85750, 0), (85544, 85750, 0), (85545, 85750, 0), (85555, 85750, 0),
(85584, 85750, 0), (85585, 85750, 0), (85586, 85750, 0), (85699, 85750, 0), (85700, 85750, 0), (85701, 85750, 0),
(85702, 85750, 0), (85703, 85750, 0), (85704, 85750, 0), (85705, 85750, 0), (85706, 85750, 0), (85707, 85750, 0),
(85708, 85750, 0), (85709, 85750, 0), (85710, 85750, 0), (85711, 85750, 0), (85712, 85750, 0), (85713, 85750, 0),
(85714, 85750, 0), (85715, 85750, 0), (85716, 85750, 0), (85717, 85750, 0), (85718, 85750, 0), (85719, 85750, 0),
(85720, 85750, 0), (85721, 85750, 0), (85722, 85750, 0), (85723, 85750, 0), (85724, 85750, 0), (85725, 85750, 0),
(85726, 85750, 0), (85727, 85750, 0), (85728, 85750, 0), (85729, 85750, 0), (85730, 85750, 0), (85731, 85750, 0),
(85732, 85750, 0);

UPDATE `creature_template` SET `InhabitType` = 5 WHERE `entry` IN (23030, 23330);
DELETE FROM `creature_template_addon` WHERE `entry` IN (23028, 22963);
UPDATE `creature_template_addon` SET `bytes2` = 4097 WHERE `entry` IN (23030, 23330);
DELETE FROM `creature_addon` WHERE `guid` IN (85828, 85860, 85861, 85452, 85820, 85821, 85859, 85862, 85453, 85455, 85539, 77506,
                                              77507, 77509, 85830, 85831, 85545, 85584, 85699, 85702, 85705, 85708, 85815, 85826,
                                              85827, 85710, 85711, 85810, 85811, 85812, 85813, 85814, 85822, 85823, 85824, 85825,
                                              85714, 85715, 85716, 85717, 85718, 85719, 85720, 85721, 85722, 85723, 85724, 85725,
                                              85726, 85727, 85728, 85729, 85730, 85731, 85732);
INSERT INTO `creature_addon` (`guid`, `path_id`, `mount`, `bytes2`, `emote`) VALUES
(85828, 85828, 0, 4097, 0), (85860, 85860, 0, 4097, 0), (85861, 85861, 0, 4097, 0), (85452, 85452, 0, 4097, 0), (85820, 85820, 0, 4097, 0), (85859, 85859, 0, 4097, 0),
(85453, 85453, 0, 4097, 0), (85455, 85455, 0, 4097, 0), (85539, 85539, 0, 4097, 0), (77507, 77507, 21545, 0, 0), (77509, 77509, 21545, 0, 0), (85830, 85830, 21545, 0, 0),
(85831, 85831, 21545, 0, 0), (85545, 85545, 21545, 0, 0), (85584, 85584, 21545, 0, 0), (85699, 85699, 21545, 0, 0), (85702, 85702, 21545, 0, 0), (85705, 85705, 21545, 0, 0),
(85708, 85708, 21548, 0, 0), (85815, 85815, 0, 4097, 0), (85826, 85826, 0, 4097, 0), (85827, 85827, 0, 4097, 0), (85710, 85710, 0, 4097, 0), (85711, 85711, 0, 4097, 0),
(85810, 0, 0, 4097, 173), (85811, 0, 0, 4097, 173), (85812, 0, 0, 4097, 173), (85813, 0, 0, 4097, 173), (85814, 0, 0, 4097, 173), (85822, 0, 0, 4097, 173),
(85823, 0, 0, 4097, 173), (85824, 0, 0, 4097, 173), (85825, 0, 0, 4097, 173), (85714, 0, 0, 4097, 173), (85715, 0, 0, 4097, 173), (85716, 0, 0, 4097, 173),
(85717, 0, 0, 4097, 173), (85718, 0, 0, 4097, 173), (85719, 0, 0, 4097, 173), (85720, 0, 0, 4097, 173), (85721, 0, 0, 4097, 173), (85722, 0, 0, 4097, 173),
(85723, 0, 0, 4097, 173), (85724, 0, 0, 4097, 173), (85725, 0, 0, 4097, 173), (85726, 0, 0, 4097, 173), (85727, 0, 0, 4097, 173), (85728, 0, 0, 4097, 173),
(85729, 0, 0, 4097, 173), (85730, 0, 0, 4097, 173), (85731, 0, 0, 4097, 173), (85732, 0, 0, 4097, 173);

DELETE FROM `creature_formations` WHERE `leaderGUID` IN (85820, 85859, 85453, 85455, 85539, 77507, 77509, 85830, 85831, 85545, 85584, 85699, 85702, 85705, 85708, 85826, 85827);
INSERT INTO `creature_formations` (`leaderGUID`, `memberGUID`, `dist`, `angle`, `groupAI`) VALUES
(85820, 85820, 0, 0, 2), (85820, 85821, 3, 90, 2), (85859, 85859, 0, 0, 2), (85859, 85862, 3, 90, 2),
(85453, 85453, 0, 0, 2), (85453, 85454, 3, 90, 2), (85455, 85455, 0, 0, 2), (85455, 85456, 3, 90, 2),
(85539, 85539, 0, 0, 2), (85539, 85542, 3, 90, 2), (77507, 77507, 0, 0, 2), (77507, 85816, 12, 180, 2),
(77509, 77509, 0, 0, 2), (77509, 85817, 12, 180, 2), (85830, 85830, 0, 0, 2), (85830, 85818, 12, 180, 2),
(85831, 85831, 0, 0, 2), (85831, 85819, 12, 180, 2), (85545, 85545, 0, 0, 2), (85545, 85555, 12, 180, 2),
(85584, 85584, 0, 0, 2), (85584, 85585, 12, 135, 2), (85584, 85586, 12, 215, 2), (85699, 85699, 0, 0, 2),
(85699, 85700, 12, 135, 2), (85699, 85701, 12, 215, 2), (85702, 85702, 0, 0, 2), (85702, 85703, 12, 135, 2),
(85702, 85704, 12, 215, 2), (85705, 85705, 0, 0, 2), (85705, 85706, 12, 135, 2), (85705, 85707, 12, 215, 2),
(85708, 85708, 0, 0, 2), (85708, 85709, 12, 180, 2), (85826, 85826, 0, 0, 2), (85826, 85712, 3, 90, 2),
(85827, 85827, 0, 0, 2), (85827, 85713, 3, 90, 2);

DELETE FROM `waypoint_data` WHERE `id` IN (85828, 85860, 85861, 85452, 85820, 85821, 85859, 85862, 85453, 85455, 85539, 77506,
                                           77507, 77509, 85830, 85831, 85545, 85584, 85699, 85702, 85705, 85708, 85815, 85826,
                                           85827, 85710, 85711);
INSERT INTO `waypoint_data` (`id`, `point`, `position_x`, `position_y`, `position_z`, `delay`, `move_flag`) VALUES
(85828, 1, 734.445, 863.593, 56.506, 0, 0), (85828, 2, 735.215, 833.737, 58.9496, 0, 0), (85828, 3, 724.205, 803.066, 62.1154, 0, 0),
(85828, 4, 716.574, 774.644, 64.5484, 0, 0), (85828, 5, 721.342, 745.393, 67.1117, 0, 0), (85828, 6, 721.441, 728.425, 68.6512, 0, 0),
(85828, 7, 721.342, 745.393, 67.1117, 0, 0), (85828, 8, 716.574, 774.644, 64.5484, 0, 0), (85828, 9, 724.205, 803.066, 62.1154, 0, 0),
(85828, 10, 735.215, 833.737, 58.9496, 0, 0),
(85860, 1, 680.513, 736.589, 68.9803, 0, 0), (85860, 2, 689.718, 752.595, 67.1048, 0, 0), (85860, 3, 690.744, 773.907, 65.1186, 0, 0),
(85860, 4, 682.02, 797.895, 63.365, 0, 0), (85860, 5, 679.804, 821.231, 61.0621, 0, 0), (85860, 6, 680.705, 848.535, 58.5601, 0, 0),
(85860, 7, 679.804, 821.231, 61.0621, 0, 0), (85860, 8, 682.02, 797.895, 63.365, 0, 0), (85860, 9, 690.744, 773.907, 65.1186, 0, 0),
(85860, 10, 689.718, 752.595, 67.1048, 0, 0),
(85861, 1, 713.026, 704.147, 70.841, 0, 0), (85861, 2, 733.071, 690.499, 71.9852, 0, 0), (85861, 3, 769, 692.503, 71.8486, 0, 0),
(85861, 4, 790.887, 701.624, 73.0887, 0, 0), (85861, 5, 801.654, 721.714, 70.0797, 0, 0), (85861, 6, 790.887, 701.624, 73.0887, 0, 0),
(85861, 7, 769.054, 692.488, 71.7866, 0, 0), (85861, 8, 733.071, 690.499, 71.9852, 0, 0),
(85452, 1, 612.101, 715.059, 77.4802, 0, 0), (85452, 2, 626.842, 715.151, 75.8108, 0, 0), (85452, 3, 643.162, 716.23, 70.8769, 0, 0),
(85452, 4, 663.412, 720.225, 70.5224, 0, 0), (85452, 5, 682.295, 737.686, 68.9737, 0, 0), (85452, 6, 692.641, 756.854, 66.7541, 0, 0),
(85452, 7, 682.295, 737.686, 68.9737, 0, 0), (85452, 8, 663.412, 720.225, 70.5224, 0, 0), (85452, 9, 643.162, 716.23, 70.8769, 0, 0),
(85452, 10, 626.842, 715.151, 75.8108, 0, 0),
(85820, 1, 646.562, 906.383, 58.6705, 0, 0), (85820, 2, 645.013, 920.966, 57.3315, 0, 0), (85820, 3, 646.136, 934.313, 55.9191, 0, 0),
(85820, 4, 652.191, 948.346, 55.091, 0, 0), (85820, 5, 646.136, 934.313, 55.9191, 0, 0), (85820, 6, 645.013, 920.966, 57.3315, 0, 0),
(85859, 1, 729.197, 949.823, 53.1687, 0, 0), (85859, 2, 728.866, 937.3, 53.1687, 0, 0), (85859, 3, 730.641, 924.489, 53.1771, 0, 0),
(85859, 4, 735.537, 913.242, 53.1772, 0, 0), (85859, 5, 730.641, 924.489, 53.1771, 0, 0), (85859, 6, 728.866, 937.3, 53.1687, 0, 0),
(85453, 1, 706.189, 849.303, 58.1355, 0, 0), (85453, 2, 703.194, 835.811, 59.3698, 0, 0), (85453, 3, 704.468, 823.441, 59.5569, 0, 0),
(85453, 4, 708.594, 808.172, 61.6289, 0, 0), (85453, 5, 700.91, 785.493, 63.9748, 0, 0), (85453, 6, 700.568, 760.084, 66.0891, 0, 0),
(85453, 7, 700.91, 785.493, 63.9748, 0, 0), (85453, 8, 708.594, 808.172, 61.6289, 0, 0), (85453, 9, 704.468, 823.441, 59.5569, 0, 0),
(85453, 10, 703.194, 835.811, 59.3698, 0, 0),
(85455, 1, 786.933, 824.156, 61.3909, 0, 0), (85455, 2, 787.453, 804.111, 64.1372, 0, 0), (85455, 3, 784.13, 783.792, 66.4754, 0, 0),
(85455, 4, 787.258, 762.507, 68.3245, 0, 0), (85455, 5, 784.13, 783.792, 66.4754, 0, 0), (85455, 6, 787.453, 804.111, 64.1372, 0, 0),
(85539, 1, 611.789, 788.195, 70.0482, 0, 0), (85539, 2, 615.349, 836.311, 67.0224, 0, 0),
(77507, 1, 791.96, 864.118, 93.9394, 0, 1), (77507, 2, 817.624, 873.205, 88.2878, 0, 1), (77507, 3, 828.56, 901.046, 87.2878, 0, 1),
(77507, 4, 828.975, 926.924, 87.4267, 0, 1), (77507, 5, 814.548, 959.968, 88.2601, 0, 1), (77507, 6, 796.491, 966.51, 86.5934, 0, 1),
(77507, 7, 757.673, 966.722, 90.51, 0, 1), (77507, 8, 739.489, 948.179, 98.7878, 0, 1), (77507, 9, 736.368, 918.242, 107.482, 0, 1),
(77507, 10, 739.3, 894.662, 107.093, 0, 1), (77507, 11, 753.654, 874.604, 98.2878, 0, 1), (77507, 12, 790.093, 864.194, 94.5656, 0, 1),
(77509, 1, 615.296, 859.443, 97.6909, 0, 1), (77509, 2, 586.165, 871.606, 97.052, 0, 1), (77509, 3, 583.972, 902.415, 90.8575, 0, 1),
(77509, 4, 586.106, 927.477, 92.4964, 0, 1), (77509, 5, 601.052, 938.888, 94.3575, 0, 1), (77509, 6, 620.969, 942.429, 95.7186, 0, 1),
(77509, 7, 641.397, 940.761, 87.9131, 0, 1), (77509, 8, 656.233, 932.442, 90.7186, 0, 1), (77509, 9, 664.996, 915.039, 92.1075, 0, 1),
(77509, 10, 660.871, 871.778, 95.4686, 0, 1), (77509, 11, 640.862, 860.363, 99.1353, 0, 1), (77509, 12, 617.248, 859.702, 98.0976, 0, 1),
(85830, 1, 625.686, 814.279, 67.3317, 30000, 0), (85830, 2, 639.241, 817.284, 96.0095, 0, 1), (85830, 3, 637.017, 831.966, 94.8151, 0, 1),
(85830, 4, 630.576, 845.745, 91.4262, 0, 1), (85830, 5, 617.946, 853.291, 88.204, 0, 1), (85830, 6, 598.813, 854.899, 92.454, 0, 1),
(85830, 7, 586.302, 847.939, 90.4818, 0, 1), (85830, 8, 581.69, 830.243, 90.8707, 0, 1), (85830, 9, 582.202, 803.47, 93.5929, 0, 1),
(85830, 10, 582.419, 778.637, 92.3373, 0, 1), (85830, 11, 588.507, 762.362, 95.8399, 0, 1), (85830, 12, 591.872, 745.399, 101.152, 0, 1),
(85830, 13, 592.076, 730.439, 102.141, 0, 1), (85830, 14, 604.057, 721.923, 106.02, 0, 1), (85830, 15, 619.384, 726.607, 103.77, 0, 1),
(85830, 16, 631.053, 741.911, 101.104, 0, 1), (85830, 17, 633.03, 762.176, 96.4647, 0, 1), (85830, 18, 630.868, 783.925, 95.298, 0, 1),
(85830, 19, 635.172, 806.486, 96.5203, 0, 1),
(85831, 1, 777.892, 805.882, 64.8693, 30000, 0), (85831, 2, 808.744, 752.813, 93.6921, 0, 1), (85831, 3, 810.098, 728.101, 95.9264, 0, 1),
(85831, 4, 809.323, 709.245, 101.518, 0, 1), (85831, 5, 804.869, 691.933, 103.676, 0, 1), (85831, 6, 789.413, 679.97, 102.176, 0, 1),
(85831, 7, 772.552, 683.78, 99.0929, 0, 1), (85831, 8, 759.507, 697.988, 100.371, 0, 1), (85831, 9, 752.497, 727.661, 106.121, 0, 1),
(85831, 10, 747.477, 760.678, 114.787, 0, 1), (85831, 11, 751.594, 805.204, 104.732, 0, 1), (85831, 12, 751.107, 831.571, 90.4818, 0, 1),
(85831, 13, 768.273, 846.973, 96.4263, 0, 1), (85831, 14, 795.469, 850.97, 102.315, 0, 1), (85831, 15, 815.102, 836.689, 95.9818, 0, 1),
(85831, 16, 812.165, 811.037, 99.0929, 0, 1), (85831, 17, 810.79, 781.412, 100.148, 0, 1), (85831, 18, 808.237, 755.089, 94.704, 0, 1),
(85545, 1, 610.31, 773.281, 101.054, 0, 1), (85545, 2, 593.979, 761.176, 100.264, 0, 1), (85545, 3, 596.475, 741.228, 102.965, 0, 1),
(85545, 4, 602.801, 723.684, 102.606, 0, 1), (85545, 5, 597.096, 699.646, 103.912, 0, 1), (85545, 6, 610.388, 682.63, 101.865, 0, 1),
(85545, 7, 633.49, 681.085, 98.2542, 0, 1), (85545, 8, 645.649, 698.602, 100.199, 0, 1), (85545, 9, 647.328, 728.833, 103.032, 0, 1),
(85545, 10, 642.208, 757.248, 103.199, 0, 1), (85545, 11, 624.113, 771.72, 100.365, 0, 1), (85545, 12, 611.232, 772.113, 100.338, 0, 1),
(85584, 1, 721.949, 665.284, 171.933, 0, 1), (85584, 2, 764.418, 663.757, 171.933, 0, 1), (85584, 3, 791.347, 677.664, 171.933, 0, 1),
(85584, 4, 797.708, 699.224, 171.933, 0, 1), (85584, 5, 792.851, 723.078, 171.933, 0, 1), (85584, 6, 776.414, 740.079, 171.933, 0, 1),
(85584, 7, 766.115, 768.385, 171.933, 0, 1), (85584, 8, 782.207, 796.389, 171.933, 0, 1), (85584, 9, 787.843, 820.5, 171.933, 0, 1),
(85584, 10, 797.896, 851.556, 171.933, 0, 1), (85584, 11, 777.1, 864.247, 171.933, 0, 1), (85584, 12, 748.323, 868.277, 171.933, 0, 1),
(85584, 13, 727.693, 872.592, 171.933, 0, 1), (85584, 14, 692.788, 878.847, 171.933, 0, 1), (85584, 15, 676.493, 879.495, 171.933, 0, 1),
(85584, 16, 656.929, 879.447, 171.933, 0, 1), (85584, 17, 643.981, 862.012, 171.933, 0, 1), (85584, 18, 642.12, 827.207, 171.933, 0, 1),
(85584, 19, 634.327, 781.412, 171.933, 0, 1), (85584, 20, 637.823, 745.182, 171.933, 0, 1), (85584, 21, 661.758, 705.306, 171.933, 0, 1),
(85584, 22, 684.738, 681.915, 171.933, 0, 1), (85584, 23, 716.758, 667.976, 171.933, 0, 1),
(85699, 1, 748.582, 926.877, 169.708, 0, 1), (85699, 2, 754.838, 949.967, 169.708, 0, 1), (85699, 3, 743.052, 964.909, 169.708, 0, 1),
(85699, 4, 709.52, 973.527, 169.708, 0, 1), (85699, 5, 687.291, 969.549, 169.708, 0, 1), (85699, 6, 653.549, 953.969, 169.708, 0, 1),
(85699, 7, 641.816, 913.155, 169.708, 0, 1), (85699, 8, 636.508, 871.395, 169.708, 0, 1), (85699, 9, 630.541, 836.169, 169.708, 0, 1),
(85699, 10, 627.716, 804.226, 169.708, 0, 1), (85699, 11, 625.075, 770.772, 169.708, 0, 1), (85699, 12, 624.631, 725.118, 169.708, 0, 1),
(85699, 13, 643.892, 687.464, 169.708, 0, 1), (85699, 14, 675.766, 683.771, 169.708, 0, 1), (85699, 15, 712.883, 695.73, 169.708, 0, 1),
(85699, 16, 747.561, 704.709, 169.708, 0, 1), (85699, 17, 762.987, 733.252, 169.708, 0, 1), (85699, 18, 768.969, 762.215, 169.708, 0, 1),
(85699, 19, 763.507, 809.066, 169.708, 0, 1), (85699, 20, 760.375, 843.425, 169.708, 0, 1), (85699, 21, 751.462, 892.975, 169.708, 0, 1),
(85699, 22, 748.547, 920.324, 169.708, 0, 1),
(85702, 1, 772.788, 654.161, 181.093, 0, 1), (85702, 2, 741.748, 664.241, 181.093, 0, 1), (85702, 3, 706.374, 660.111, 181.093, 0, 1),
(85702, 4, 687.192, 657.145, 181.093, 0, 1), (85702, 5, 664.652, 660.413, 181.093, 0, 1), (85702, 6, 645.182, 670.571, 181.093, 0, 1),
(85702, 7, 622.322, 689.535, 181.093, 0, 1), (85702, 8, 610.526, 710.798, 181.093, 0, 1), (85702, 9, 618.548, 735.175, 181.093, 0, 1),
(85702, 10, 638.978, 750.448, 181.093, 0, 1), (85702, 11, 662.08, 750.785, 181.093, 0, 1), (85702, 12, 686.867, 756.329, 181.093, 0, 1),
(85702, 13, 717.172, 755.164, 181.093, 0, 1), (85702, 14, 751.123, 745.583, 181.093, 0, 1), (85702, 15, 793.911, 741.454, 181.093, 0, 1),
(85702, 16, 808.723, 721.022, 181.093, 0, 1), (85702, 17, 813.506, 690.831, 181.093, 0, 1), (85702, 18, 807.697, 660.517, 181.093, 0, 1),
(85702, 19, 795.822, 652.559, 181.093, 0, 1), (85702, 20, 778.076, 652.941, 181.093, 0, 1),
(85705, 1, 803.376, 932.492, 184.506, 0, 1), (85705, 2, 811.275, 897.108, 184.506, 0, 1), (85705, 3, 791.584, 875.892, 184.506, 0, 1),
(85705, 4, 752.487, 868.623, 184.506, 0, 1), (85705, 5, 705.05, 866.486, 184.506, 0, 1), (85705, 6, 678.082, 863.402, 184.506, 0, 1),
(85705, 7, 647.465, 864.076, 184.506, 0, 1), (85705, 8, 602.315, 860.281, 184.506, 0, 1), (85705, 9, 586.805, 872.596, 184.506, 0, 1),
(85705, 10, 591.912, 911.777, 184.506, 0, 1), (85705, 11, 596.089, 931.677, 184.506, 0, 1), (85705, 12, 598.167, 951.75, 184.506, 0, 1),
(85705, 13, 615.145, 963.025, 184.506, 0, 1), (85705, 14, 644.212, 963.485, 184.506, 0, 1), (85705, 15, 685.058, 963.998, 184.506, 0, 1),
(85705, 16, 729.477, 963.704, 184.506, 0, 1), (85705, 17, 768.887, 959.6, 184.506, 0, 1), (85705, 18, 796.705, 938.611, 184.506, 0, 1),
(85708, 1, 694.556, 852.206, 57.9726, 30000, 0), (85708, 2, 706.259, 879.901, 85.6881, 0, 1), (85708, 3, 687.042, 872.54, 81.68, 0, 1),
(85708, 4, 672.403, 852.627, 80.6083, 0, 1), (85708, 5, 664.325, 823.076, 90.1386, 0, 1), (85708, 6, 675.28, 803.873, 91.8094, 0, 1),
(85708, 7, 683.482, 782.036, 90.1562, 0, 1), (85708, 8, 680.545, 754.212, 91.4735, 0, 1), (85708, 9, 687.694, 739.124, 94.6313, 0, 1),
(85708, 10, 709.887, 737.941, 97.9091, 0, 1), (85708, 11, 722.275, 749.931, 99.6591, 0, 1), (85708, 12, 720.261, 768.686, 92.7147, 0, 1),
(85708, 13, 720.647, 783.985, 88.3258, 0, 1), (85708, 14, 720.858, 796.565, 87.048, 0, 1), (85708, 15, 731.347, 814.071, 81.6869, 0, 1),
(85708, 16, 731.773, 831.521, 90.9647, 0, 1), (85708, 17, 734.43, 855.398, 87.6591, 0, 1), (85708, 18, 717.514, 875.252, 88.3258, 0, 1),
(85708, 19, 708.23, 879.131, 86.4092, 0, 1),
(85815, 1, 598.576, 913.276, 58.4289, 0, 0), (85815, 2, 609.127, 912.426, 58.3112, 0, 0), (85815, 3, 614.923, 905.256, 58.9035, 0, 0),
(85815, 4, 610.253, 901.055, 58.7785, 0, 0), (85815, 5, 601.266, 900.095, 59.4903, 0, 0), (85815, 6, 596.256, 905.149, 59.5799, 0, 0),
(85815, 7, 592.128, 907.854, 59.426, 0, 0),
(85826, 1, 615.42, 971.284, 55.8553, 0, 0), (85826, 2, 620.565, 965.819, 56.1726, 0, 0), (85826, 3, 625.968, 963.775, 56.1423, 0, 0),
(85826, 4, 633.14, 963.168, 55.8529, 0, 0), (85826, 5, 640.174, 965.036, 55.3669, 0, 0), (85826, 6, 647.584, 970.65, 55.2051, 0, 0),
(85826, 7, 640.174, 965.036, 55.3669, 0, 0), (85826, 8, 633.14, 963.168, 55.8529, 0, 0), (85826, 9, 625.968, 963.775, 56.1423, 0, 0),
(85826, 10, 620.565, 965.819, 56.1726, 0, 0),
(85827, 1, 812.482, 906.275, 56.8693, 0, 0), (85827, 2, 812.1, 913.419, 56.9943, 0, 0), (85827, 3, 808.197, 919.505, 56.9943, 0, 0),
(85827, 4, 801.132, 923.31, 56.8845, 0, 0), (85827, 5, 795.134, 923.213, 56.8142, 0, 0), (85827, 6, 788.81, 920.01, 55.9149, 0, 0),
(85827, 7, 783.338, 913.996, 55.0022, 0, 0), (85827, 8, 779.796, 907.4, 55.3142, 0, 0), (85827, 9, 782.625, 899.697, 55.7476, 0, 0),
(85827, 10, 779.796, 907.4, 55.3142, 0, 0), (85827, 11, 783.338, 913.996, 55.0022, 0, 0), (85827, 12, 788.81, 920.01, 55.9149, 0, 0),
(85827, 13, 795.134, 923.213, 56.8142, 0, 0), (85827, 14, 801.132, 923.31, 56.8845, 0, 0), (85827, 15, 808.197, 919.505, 56.9943, 0, 0),
(85827, 16, 812.1, 913.419, 56.9943, 0, 0),
(85710, 1, 822.356, 964.628, 54.8096, 0, 0), (85710, 2, 814.271, 959.53, 55.4215, 0, 0), (85710, 3, 812.43, 950.785, 56.5026, 0, 0),
(85710, 4, 812.233, 941.116, 56.0026, 0, 0), (85710, 5, 812.728, 932.698, 56.3479, 0, 0), (85710, 6, 821.017, 923.827, 56.8629, 0, 0),
(85710, 7, 828.291, 919.551, 56.5857, 0, 0), (85710, 8, 821.017, 923.827, 56.8629, 0, 0), (85710, 9, 812.728, 932.698, 56.3479, 0, 0),
(85710, 10, 812.233, 941.116, 56.0026, 0, 0), (85710, 11, 812.43, 950.785, 56.5026, 0, 0), (85710, 12, 814.271, 959.53, 55.4215, 0, 0),
(85711, 1, 771.158, 744.486, 69.7692, 0, 0), (85711, 2, 776.724, 748.545, 70.0428, 0, 0), (85711, 3, 776.475, 758.128, 68.5918, 0, 0),
(85711, 4, 775.079, 766.952, 66.1695, 0, 0), (85711, 5, 776.642, 775.294, 65.648, 0, 0), (85711, 6, 779.1, 781.978, 65.9348, 0, 0),
(85711, 7, 776.998, 791.397, 65.6326, 0, 0), (85711, 8, 779.1, 781.978, 65.9348, 0, 0), (85711, 9, 776.642, 775.294, 65.648, 0, 0),
(85711, 10, 775.079, 766.952, 66.1695, 0, 0), (85711, 11, 776.475, 758.128, 68.5918, 0, 0), (85711, 12, 776.724, 748.545, 70.0428, 0, 0);

UPDATE `creature_template` SET `AIName` = "SmartAI", `ScriptName` = "" WHERE `entry` = 23028;
DELETE FROM `smart_scripts` WHERE `entryorguid` IN (22954, 22960, 23030, 23330, 23028, 22963) AND `source_type` = 0;
INSERT INTO `smart_scripts` (`entryorguid`, `source_type`, `id`, `link`, `event_type`, `event_phase_mask`, `event_chance`, `event_flags`, `event_param1`, `event_param2`, `event_param3`, `event_param4`, `action_type`, `action_param1`, `action_param2`, `action_param3`, `action_param4`, `action_param5`, `action_param6`, `target_type`, `target_param1`, `target_param2`, `target_param3`, `target_x`, `target_y`, `target_z`, `target_o`, `comment`) VALUES
(22954, 0, 0, 0, 0, 0, 100, 0, 0, 8000, 15000, 25000, 11, 40936, 0, 0, 0, 0, 0, 1, 0, 0, 0, 0, 0, 0, 0, "Illidari Fearbringer - In Combat - Cast 'War Stomp'"),
(22954, 0, 1, 0, 0, 0, 100, 0, 10000, 20000, 10000, 20000, 11, 40938, 0, 0, 0, 0, 0, 2, 0, 0, 0, 0, 0, 0, 0, "Illidari Fearbringer - In Combat - Cast 'Illidari Flames'"),
(22954, 0, 2, 0, 0, 0, 100, 0, 4000, 9000, 20000, 30000, 11, 40946, 0, 0, 0, 0, 0, 5, 0, 0, 0, 0, 0, 0, 0, "Illidari Fearbringer - In Combat - Cast 'Rain of Chaos'"),

(22960, 0, 0, 0, 0, 0, 100, 0, 4000, 9000, 10000, 10800, 11, 15284, 0, 0, 0, 0, 0, 2, 0, 0, 0, 0, 0, 0, 0, "Dragonmaw Wyrmcaller - In Combat - Cast 'Cleave'"),
(22960, 0, 1, 0, 0, 0, 100, 0, 4000, 9000, 20000, 20000, 11, 49026, 0, 0, 0, 0, 0, 5, 0, 0, 0, 0, 0, 0, 0, "Dragonmaw Wyrmcaller - In Combat - Cast 'Fixate'"),
(22960, 0, 2, 0, 0, 0, 40, 0, 0, 10000, 0, 10000, 11, 40895, 0, 0, 0, 0, 0, 2, 0, 0, 0, 0, 0, 0, 0, "Dragonmaw Wyrmcaller - In Combat - Cast 'Jab'"),

(23030, 0, 0, 0, 0, 0, 100, 0, 4000, 9000, 8000, 13000, 11, 40872, 0, 0, 0, 0, 0, 5, 0, 0, 0, 0, 0, 0, 0, "Dragonmaw Sky Stalker - In Combat - Cast 'Immolation Arrow'"),
(23030, 0, 1, 0, 0, 0, 100, 0, 0, 1000, 2000, 2000, 11, 40873, 0, 0, 0, 0, 0, 2, 0, 0, 0, 0, 0, 0, 0, "Dragonmaw Sky Stalker - In Combat - Cast 'Shoot'"),

(23330, 0, 0, 0, 0, 0, 100, 0, 10000, 10000, 15000, 15000, 11, 40876, 0, 0, 0, 0, 0, 5, 0, 0, 0, 0, 0, 0, 0, "Dragonmaw Wind Reaver - In Combat - Cast 'Doom Bolt'"),
(23330, 0, 1, 0, 0, 0, 100, 0, 0, 1000, 2500, 2500, 11, 40877, 0, 0, 0, 0, 0, 2, 0, 0, 0, 0, 0, 0, 0, "Dragonmaw Wind Reaver - In Combat - Cast 'Fireball'"),
(23330, 0, 2, 0, 0, 0, 100, 0, 4000, 4000, 15000, 15000, 11, 40875, 0, 0, 0, 0, 0, 5, 0, 0, 0, 0, 0, 0, 0, "Dragonmaw Wind Reaver - In Combat - Cast 'Freeze'"),

(23028, 0, 0, 1, 0, 0, 100, 0, 5000, 15000, 14000, 14000, 1, 0, 0, 0, 0, 0, 0, 1, 0, 0, 0, 0, 0, 0, 0, "Bonechewer Taskmaster - In Combat - Say Text Line 0"),
(23028, 0, 1, 0, 61, 0, 100, 0, 0, 0, 0, 0, 67, 1, 3000, 3000, 0, 0, 0, 1, 0, 0, 0, 0, 0, 0, 0, "Bonechewer Taskmaster - In Combat - Create Timed Event"),
(23028, 0, 2, 0, 59, 0, 100, 0, 1, 0, 0, 0, 11, 40851, 0, 0, 0, 0, 0, 1, 0, 0, 0, 0, 0, 0, 0, "Bonechewer Taskmaster - On Timed Event - Cast 'Disgruntled'"),
(23028, 0, 3, 0, 38, 0, 100, 0, 1, 1, 0, 0, 11, 40845, 0, 0, 0, 0, 0, 1, 0, 0, 0, 0, 0, 0, 0, "Bonechewer Taskmaster - On Data Set 1 1 - Cast 'Fury'"),
(23028, 0, 4, 0, 38, 0, 100, 1, 1, 1, 0, 0, 1, 1, 0, 0, 0, 0, 0, 1, 0, 0, 0, 0, 0, 0, 0, "Bonechewer Taskmaster - On Data Set 1 1 - Say Text Line 1 (No Repeat)"),

(22963, 0, 0, 0, 4, 0, 100, 0, 0, 0, 0, 0, 17, 0, 0, 0, 0, 0, 0, 1, 0, 0, 0, 0, 0, 0, 0, "Bonechewer Worker - On Aggro - Set Emote State (0)"),
(22963, 0, 1, 0, 0, 0, 100, 1, 5000, 15000, 0, 0, 11, 40844, 0, 0, 0, 0, 0, 5, 0, 0, 0, 0, 0, 0, 0, "Bonechewer Worker - In Combat - Cast 'Throw Pick' (No Repeat)"),
(22963, 0, 2, 0, 8, 0, 15, 0, 40851, 0, 0, 0, 1, 0, 0, 0, 0, 0, 0, 1, 0, 0, 0, 0, 0, 0, 0, "Bonechewer Worker - On Spellhit 'Disgruntled' - Say Text Line 0"),
(22963, 0, 3, 0, 6, 0, 100, 0, 0, 0, 0, 0, 45, 1, 1, 0, 0, 0, 0, 19, 23028, 40, 0, 0, 0, 0, 0, "Bonechewer Worker - On Just Died - Set Data 1 1 (Creature ID: 23028, 40 Yards)");

DELETE FROM `creature_text` WHERE `entry` IN (22963, 23028);
INSERT INTO `creature_text` (`entry`, `text_group`, `id`, `text`, `text_female`, `text_range`, `type`, `language`, `probability`, `emote`, `duration`, `sound`, `comment`) VALUES
(22963, 0, 0, "Gakarah ma!", "", 0, 12, 0, 100, 0, 0, 0, "Bonechewer Worker"),
(22963, 0, 1, "Lok narash!", "", 0, 12, 0, 100, 0, 0, 0, "Bonechewer Worker"),
(22963, 0, 2, "Lok'tar Illadari!", "", 0, 12, 0, 100, 0, 0, 0, "Bonechewer Worker"),
(22963, 0, 3, "The blood is our power!", "", 0, 12, 0, 100, 0, 0, 0, "Bonechewer Worker"),
(23028, 0, 0, "I've seen female Gnomes hit harder than you!", "", 0, 14, 0, 100, 0, 0, 0, "Bonechewer Taskmaster"),
(23028, 0, 1, "If you don't start throwing some real punches, you'll be cleaning the drake stalls for a year!", "", 0, 14, 0, 100, 0, 0, 0, "Bonechewer Taskmaster"),
(23028, 0, 2, "Stop your slacking and fight like a true fel orc!", "", 0, 14, 0, 100, 0, 0, 0, "Bonechewer Taskmaster"),
(23028, 0, 3, "You call that an offense? I've seen more offensive tallstriders!", "", 0, 14, 0, 100, 0, 0, 0, "Bonechewer Taskmaster"),
(23028, 1, 0, "%s becomes increasingly enraged as he sees his allies fall in battle!", "", 0, 16, 0, 100, 0, 0, 0, "Bonechewer Taskmaster");

DELETE FROM `conditions` WHERE `SourceEntry` = 40851 AND `SourceGroup` = 7 AND `SourceTypeOrReferenceId` = 13;
INSERT INTO `conditions` (`SourceTypeOrReferenceId`, `SourceGroup`, `SourceEntry`, `SourceId`, `ElseGroup`, `ConditionTypeOrReference`, `ConditionTarget`, `ConditionValue1`, `ConditionValue2`, `ConditionValue3`, `NegativeCondition`, `ErrorType`, `ErrorTextId`, `ScriptName`, `Comment`) VALUES
(13, 7, 40851, 0, 0, 31, 0, 3, 22963, 0, 0, 0, 0, "", "Target Bonechewer Worker");
